priority,m07_row_id_or_alias,rust_function_alias,scilab_function_alias_if_known,source_file_locator,formula_family,risk_tier,recommended_chunk_group,shortlist_reason,contract_review_needed,notes
P0_next_after_current_review,PORT_STATUS_RELEASE_GATE.csv:row_0006,app_to_due_distance,foa_app_ast_app_to_DUE_distance,"Bate, Mueller, and White - Fundamentals of Astrodynamics/fundamentals_astrodynamics_scilab_cleaned_all/fundamentals_astrodynamics_scilab_cleaned_all/namespaced/appendices_scilab_astrodynamics/src/constants/ast_app_constants_conversions.sci",unit_conversion,low_risk_candidate,8C_remaining_M00_unit_conversion_contracts,remaining M00 or near-M00 unit conversion pattern with low frame/time dependency,yes_standard_formula_vault_contract_and_source_locator_review,Unit/constants conversion pattern.
P0_next_after_current_review,PORT_STATUS_RELEASE_GATE.csv:row_0007,app_from_due_distance,foa_app_ast_app_from_DUE_distance,"Bate, Mueller, and White - Fundamentals of Astrodynamics/fundamentals_astrodynamics_scilab_cleaned_all/fundamentals_astrodynamics_scilab_cleaned_all/namespaced/appendices_scilab_astrodynamics/src/constants/ast_app_constants_conversions.sci",unit_conversion,low_risk_candidate,8C_remaining_M00_unit_conversion_contracts,remaining M00 or near-M00 unit conversion pattern with low frame/time dependency,yes_standard_formula_vault_contract_and_source_locator_review,Unit/constants conversion pattern.
P0_next_after_current_review,PORT_STATUS_RELEASE_GATE.csv:row_0008,app_to_due_velocity,foa_app_ast_app_to_DUE_velocity,"Bate, Mueller, and White - Fundamentals of Astrodynamics/fundamentals_astrodynamics_scilab_cleaned_all/fundamentals_astrodynamics_scilab_cleaned_all/namespaced/appendices_scilab_astrodynamics/src/constants/ast_app_constants_conversions.sci",unit_conversion,low_risk_candidate,8C_remaining_M00_unit_conversion_contracts,remaining M00 or near-M00 unit conversion pattern with low frame/time dependency,yes_standard_formula_vault_contract_and_source_locator_review,Unit/constants conversion pattern.
P0_next_after_current_review,PORT_STATUS_RELEASE_GATE.csv:row_0009,app_from_due_velocity,foa_app_ast_app_from_DUE_velocity,"Bate, Mueller, and White - Fundamentals of Astrodynamics/fundamentals_astrodynamics_scilab_cleaned_all/fundamentals_astrodynamics_scilab_cleaned_all/namespaced/appendices_scilab_astrodynamics/src/constants/ast_app_constants_conversions.sci",unit_conversion,low_risk_candidate,8C_remaining_M00_unit_conversion_contracts,remaining M00 or near-M00 unit conversion pattern with low frame/time dependency,yes_standard_formula_vault_contract_and_source_locator_review,Unit/constants conversion pattern.
P0_next_after_current_review,PORT_STATUS_RELEASE_GATE.csv:row_0010,app_to_tue_time,foa_app_ast_app_to_TUE_time,"Bate, Mueller, and White - Fundamentals of Astrodynamics/fundamentals_astrodynamics_scilab_cleaned_all/fundamentals_astrodynamics_scilab_cleaned_all/namespaced/appendices_scilab_astrodynamics/src/constants/ast_app_constants_conversions.sci",unit_conversion,low_risk_candidate,8C_remaining_M00_unit_conversion_contracts,remaining M00 or near-M00 unit conversion pattern with low frame/time dependency,yes_standard_formula_vault_contract_and_source_locator_review,Unit/constants conversion pattern.
P0_next_after_current_review,PORT_STATUS_RELEASE_GATE.csv:row_0011,app_from_tue_time,foa_app_ast_app_from_TUE_time,"Bate, Mueller, and White - Fundamentals of Astrodynamics/fundamentals_astrodynamics_scilab_cleaned_all/fundamentals_astrodynamics_scilab_cleaned_all/namespaced/appendices_scilab_astrodynamics/src/constants/ast_app_constants_conversions.sci",unit_conversion,low_risk_candidate,8C_remaining_M00_unit_conversion_contracts,remaining M00 or near-M00 unit conversion pattern with low frame/time dependency,yes_standard_formula_vault_contract_and_source_locator_review,Unit/constants conversion pattern.
P1_after_helper_deduplication,PORT_STATUS_RELEASE_GATE.csv:row_0029,ch1_col,foa_ch01_ast_col,"Bate, Mueller, and White - Fundamentals of Astrodynamics/fundamentals_astrodynamics_scilab_cleaned_all/fundamentals_astrodynamics_scilab_cleaned_all/namespaced/ch01_scilab_astrodynamics/src/math/ast_ch1_vector.sci",low_risk_vector_math,low_risk_candidate,8D_helper_deduplication_then_low_risk_vector_contracts,common scalar/vector helper; promote only if deduplicated against existing M00 kernels and needed by a bounded family,yes_standard_formula_vault_contract_and_source_locator_review,Common vector helper; likely duplicate of existing central M00 vector kernels.
P1_after_helper_deduplication,PORT_STATUS_RELEASE_GATE.csv:row_0030,ch1_dot,foa_ch01_ast_dot,"Bate, Mueller, and White - Fundamentals of Astrodynamics/fundamentals_astrodynamics_scilab_cleaned_all/fundamentals_astrodynamics_scilab_cleaned_all/namespaced/ch01_scilab_astrodynamics/src/math/ast_ch1_vector.sci",low_risk_vector_math,low_risk_candidate,8D_helper_deduplication_then_low_risk_vector_contracts,common scalar/vector helper; promote only if deduplicated against existing M00 kernels and needed by a bounded family,yes_standard_formula_vault_contract_and_source_locator_review,Common vector helper; likely duplicate of existing central M00 vector kernels.
P1_after_helper_deduplication,PORT_STATUS_RELEASE_GATE.csv:row_0031,ch1_cross,foa_ch01_ast_cross,"Bate, Mueller, and White - Fundamentals of Astrodynamics/fundamentals_astrodynamics_scilab_cleaned_all/fundamentals_astrodynamics_scilab_cleaned_all/namespaced/ch01_scilab_astrodynamics/src/math/ast_ch1_vector.sci",low_risk_vector_math,low_risk_candidate,8D_helper_deduplication_then_low_risk_vector_contracts,common scalar/vector helper; promote only if deduplicated against existing M00 kernels and needed by a bounded family,yes_standard_formula_vault_contract_and_source_locator_review,Common vector helper; likely duplicate of existing central M00 vector kernels.
P1_after_helper_deduplication,PORT_STATUS_RELEASE_GATE.csv:row_0032,ch1_norm,foa_ch01_ast_norm,"Bate, Mueller, and White - Fundamentals of Astrodynamics/fundamentals_astrodynamics_scilab_cleaned_all/fundamentals_astrodynamics_scilab_cleaned_all/namespaced/ch01_scilab_astrodynamics/src/math/ast_ch1_vector.sci",low_risk_vector_math,low_risk_candidate,8D_helper_deduplication_then_low_risk_vector_contracts,common scalar/vector helper; promote only if deduplicated against existing M00 kernels and needed by a bounded family,yes_standard_formula_vault_contract_and_source_locator_review,Common vector helper; likely duplicate of existing central M00 vector kernels.
P1_after_helper_deduplication,PORT_STATUS_RELEASE_GATE.csv:row_0033,ch1_unit,foa_ch01_ast_unit,"Bate, Mueller, and White - Fundamentals of Astrodynamics/fundamentals_astrodynamics_scilab_cleaned_all/fundamentals_astrodynamics_scilab_cleaned_all/namespaced/ch01_scilab_astrodynamics/src/math/ast_ch1_vector.sci",low_risk_vector_math,low_risk_candidate,8D_helper_deduplication_then_low_risk_vector_contracts,common scalar/vector helper; promote only if deduplicated against existing M00 kernels and needed by a bounded family,yes_standard_formula_vault_contract_and_source_locator_review,Common vector helper; likely duplicate of existing central M00 vector kernels.
P1_after_helper_deduplication,PORT_STATUS_RELEASE_GATE.csv:row_0034,ch1_clamp,foa_ch01_ast_clamp,"Bate, Mueller, and White - Fundamentals of Astrodynamics/fundamentals_astrodynamics_scilab_cleaned_all/fundamentals_astrodynamics_scilab_cleaned_all/namespaced/ch01_scilab_astrodynamics/src/math/ast_ch1_vector.sci",low_risk_scalar_math,low_risk_candidate,8D_helper_deduplication_then_low_risk_scalar_contracts,common scalar/vector helper; promote only if deduplicated against existing M00 kernels and needed by a bounded family,yes_standard_formula_vault_contract_and_source_locator_review,Common scalar helper; likely duplicate utility row.
P1_after_helper_deduplication,PORT_STATUS_RELEASE_GATE.csv:row_0036,ch1_angle_between,foa_ch01_ast_angle_between,"Bate, Mueller, and White - Fundamentals of Astrodynamics/fundamentals_astrodynamics_scilab_cleaned_all/fundamentals_astrodynamics_scilab_cleaned_all/namespaced/ch01_scilab_astrodynamics/src/math/ast_ch1_vector.sci",low_risk_vector_math,low_risk_candidate,8D_helper_deduplication_then_low_risk_vector_contracts,common scalar/vector helper; promote only if deduplicated against existing M00 kernels and needed by a bounded family,yes_standard_formula_vault_contract_and_source_locator_review,Common vector helper; likely duplicate of existing central M00 vector kernels.
P0_next_after_current_review,PORT_STATUS_RELEASE_GATE.csv:row_0039,ch1_deg2rad,foa_ch01_ast_deg2rad,"Bate, Mueller, and White - Fundamentals of Astrodynamics/fundamentals_astrodynamics_scilab_cleaned_all/fundamentals_astrodynamics_scilab_cleaned_all/namespaced/ch01_scilab_astrodynamics/src/math/ast_ch1_vector.sci",unit_conversion,low_risk_candidate,8C_remaining_M00_unit_conversion_contracts,remaining M00 or near-M00 unit conversion pattern with low frame/time dependency,yes_standard_formula_vault_contract_and_source_locator_review,Unit/constants conversion pattern.
P0_next_after_current_review,PORT_STATUS_RELEASE_GATE.csv:row_0040,ch1_rad2deg,foa_ch01_ast_rad2deg,"Bate, Mueller, and White - Fundamentals of Astrodynamics/fundamentals_astrodynamics_scilab_cleaned_all/fundamentals_astrodynamics_scilab_cleaned_all/namespaced/ch01_scilab_astrodynamics/src/math/ast_ch1_vector.sci",unit_conversion,low_risk_candidate,8C_remaining_M00_unit_conversion_contracts,remaining M00 or near-M00 unit conversion pattern with low frame/time dependency,yes_standard_formula_vault_contract_and_source_locator_review,Unit/constants conversion pattern.
P2_after_contract_review,PORT_STATUS_RELEASE_GATE.csv:row_0047,to_canonical_distance,foa_ch01_ast_to_canonical_distance,"Bate, Mueller, and White - Fundamentals of Astrodynamics/fundamentals_astrodynamics_scilab_cleaned_all/fundamentals_astrodynamics_scilab_cleaned_all/namespaced/ch01_scilab_astrodynamics/src/units/ast_ch1_constants_units.sci",unit_conversion,low_risk_candidate,8D_deduplicated_unit_conversion_helpers,low-risk by metadata but requires family contract before implementation,yes_standard_formula_vault_contract_and_source_locator_review,Unit/constants conversion pattern.
P2_after_contract_review,PORT_STATUS_RELEASE_GATE.csv:row_0048,from_canonical_distance,foa_ch01_ast_from_canonical_distance,"Bate, Mueller, and White - Fundamentals of Astrodynamics/fundamentals_astrodynamics_scilab_cleaned_all/fundamentals_astrodynamics_scilab_cleaned_all/namespaced/ch01_scilab_astrodynamics/src/units/ast_ch1_constants_units.sci",unit_conversion,low_risk_candidate,8D_deduplicated_unit_conversion_helpers,low-risk by metadata but requires family contract before implementation,yes_standard_formula_vault_contract_and_source_locator_review,Unit/constants conversion pattern.
P2_after_contract_review,PORT_STATUS_RELEASE_GATE.csv:row_0049,to_canonical_time,foa_ch01_ast_to_canonical_time,"Bate, Mueller, and White - Fundamentals of Astrodynamics/fundamentals_astrodynamics_scilab_cleaned_all/fundamentals_astrodynamics_scilab_cleaned_all/namespaced/ch01_scilab_astrodynamics/src/units/ast_ch1_constants_units.sci",unit_conversion,low_risk_candidate,8D_deduplicated_unit_conversion_helpers,low-risk by metadata but requires family contract before implementation,yes_standard_formula_vault_contract_and_source_locator_review,Unit/constants conversion pattern.
P2_after_contract_review,PORT_STATUS_RELEASE_GATE.csv:row_0050,from_canonical_time,foa_ch01_ast_from_canonical_time,"Bate, Mueller, and White - Fundamentals of Astrodynamics/fundamentals_astrodynamics_scilab_cleaned_all/fundamentals_astrodynamics_scilab_cleaned_all/namespaced/ch01_scilab_astrodynamics/src/units/ast_ch1_constants_units.sci",unit_conversion,low_risk_candidate,8D_deduplicated_unit_conversion_helpers,low-risk by metadata but requires family contract before implementation,yes_standard_formula_vault_contract_and_source_locator_review,Unit/constants conversion pattern.
P2_after_contract_review,PORT_STATUS_RELEASE_GATE.csv:row_0051,to_canonical_speed,foa_ch01_ast_to_canonical_speed,"Bate, Mueller, and White - Fundamentals of Astrodynamics/fundamentals_astrodynamics_scilab_cleaned_all/fundamentals_astrodynamics_scilab_cleaned_all/namespaced/ch01_scilab_astrodynamics/src/units/ast_ch1_constants_units.sci",unit_conversion,low_risk_candidate,8D_deduplicated_unit_conversion_helpers,low-risk by metadata but requires family contract before implementation,yes_standard_formula_vault_contract_and_source_locator_review,Unit/constants conversion pattern.
P2_after_contract_review,PORT_STATUS_RELEASE_GATE.csv:row_0052,from_canonical_speed,foa_ch01_ast_from_canonical_speed,"Bate, Mueller, and White - Fundamentals of Astrodynamics/fundamentals_astrodynamics_scilab_cleaned_all/fundamentals_astrodynamics_scilab_cleaned_all/namespaced/ch01_scilab_astrodynamics/src/units/ast_ch1_constants_units.sci",unit_conversion,low_risk_candidate,8D_deduplicated_unit_conversion_helpers,low-risk by metadata but requires family contract before implementation,yes_standard_formula_vault_contract_and_source_locator_review,Unit/constants conversion pattern.
P2_after_contract_review,PORT_STATUS_RELEASE_GATE.csv:row_0053,to_canonical_mu,foa_ch01_ast_to_canonical_mu,"Bate, Mueller, and White - Fundamentals of Astrodynamics/fundamentals_astrodynamics_scilab_cleaned_all/fundamentals_astrodynamics_scilab_cleaned_all/namespaced/ch01_scilab_astrodynamics/src/units/ast_ch1_constants_units.sci",unit_conversion,low_risk_candidate,8D_deduplicated_unit_conversion_helpers,low-risk by metadata but requires family contract before implementation,yes_standard_formula_vault_contract_and_source_locator_review,Unit/constants conversion pattern.
P1_after_helper_deduplication,PORT_STATUS_RELEASE_GATE.csv:row_0104,ch2_col,foa_ch02_ast_col,"Bate, Mueller, and White - Fundamentals of Astrodynamics/fundamentals_astrodynamics_scilab_cleaned_all/fundamentals_astrodynamics_scilab_cleaned_all/namespaced/ch02_scilab_astrodynamics/src/core/ast_ch2_core.sci",low_risk_vector_math,low_risk_candidate,8D_helper_deduplication_then_low_risk_vector_contracts,common scalar/vector helper; promote only if deduplicated against existing M00 kernels and needed by a bounded family,yes_standard_formula_vault_contract_and_source_locator_review,Common vector helper; likely duplicate of existing central M00 vector kernels.
P1_after_helper_deduplication,PORT_STATUS_RELEASE_GATE.csv:row_0105,ch2_dot,foa_ch02_ast_dot,"Bate, Mueller, and White - Fundamentals of Astrodynamics/fundamentals_astrodynamics_scilab_cleaned_all/fundamentals_astrodynamics_scilab_cleaned_all/namespaced/ch02_scilab_astrodynamics/src/core/ast_ch2_core.sci",low_risk_vector_math,low_risk_candidate,8D_helper_deduplication_then_low_risk_vector_contracts,common scalar/vector helper; promote only if deduplicated against existing M00 kernels and needed by a bounded family,yes_standard_formula_vault_contract_and_source_locator_review,Common vector helper; likely duplicate of existing central M00 vector kernels.
P1_after_helper_deduplication,PORT_STATUS_RELEASE_GATE.csv:row_0106,ch2_cross,foa_ch02_ast_cross,"Bate, Mueller, and White - Fundamentals of Astrodynamics/fundamentals_astrodynamics_scilab_cleaned_all/fundamentals_astrodynamics_scilab_cleaned_all/namespaced/ch02_scilab_astrodynamics/src/core/ast_ch2_core.sci",low_risk_vector_math,low_risk_candidate,8D_helper_deduplication_then_low_risk_vector_contracts,common scalar/vector helper; promote only if deduplicated against existing M00 kernels and needed by a bounded family,yes_standard_formula_vault_contract_and_source_locator_review,Common vector helper; likely duplicate of existing central M00 vector kernels.
P1_after_helper_deduplication,PORT_STATUS_RELEASE_GATE.csv:row_0107,ch2_norm,foa_ch02_ast_norm,"Bate, Mueller, and White - Fundamentals of Astrodynamics/fundamentals_astrodynamics_scilab_cleaned_all/fundamentals_astrodynamics_scilab_cleaned_all/namespaced/ch02_scilab_astrodynamics/src/core/ast_ch2_core.sci",low_risk_vector_math,low_risk_candidate,8D_helper_deduplication_then_low_risk_vector_contracts,common scalar/vector helper; promote only if deduplicated against existing M00 kernels and needed by a bounded family,yes_standard_formula_vault_contract_and_source_locator_review,Common vector helper; likely duplicate of existing central M00 vector kernels.
P1_after_helper_deduplication,PORT_STATUS_RELEASE_GATE.csv:row_0108,ch2_unit,foa_ch02_ast_unit,"Bate, Mueller, and White - Fundamentals of Astrodynamics/fundamentals_astrodynamics_scilab_cleaned_all/fundamentals_astrodynamics_scilab_cleaned_all/namespaced/ch02_scilab_astrodynamics/src/core/ast_ch2_core.sci",low_risk_vector_math,low_risk_candidate,8D_helper_deduplication_then_low_risk_vector_contracts,common scalar/vector helper; promote only if deduplicated against existing M00 kernels and needed by a bounded family,yes_standard_formula_vault_contract_and_source_locator_review,Common vector helper; likely duplicate of existing central M00 vector kernels.
P1_after_helper_deduplication,PORT_STATUS_RELEASE_GATE.csv:row_0109,ch2_clamp,foa_ch02_ast_clamp,"Bate, Mueller, and White - Fundamentals of Astrodynamics/fundamentals_astrodynamics_scilab_cleaned_all/fundamentals_astrodynamics_scilab_cleaned_all/namespaced/ch02_scilab_astrodynamics/src/core/ast_ch2_core.sci",low_risk_scalar_math,low_risk_candidate,8D_helper_deduplication_then_low_risk_scalar_contracts,common scalar/vector helper; promote only if deduplicated against existing M00 kernels and needed by a bounded family,yes_standard_formula_vault_contract_and_source_locator_review,Common scalar helper; likely duplicate utility row.
P1_after_helper_deduplication,PORT_STATUS_RELEASE_GATE.csv:row_0111,ch2_angle_between,foa_ch02_ast_angle_between,"Bate, Mueller, and White - Fundamentals of Astrodynamics/fundamentals_astrodynamics_scilab_cleaned_all/fundamentals_astrodynamics_scilab_cleaned_all/namespaced/ch02_scilab_astrodynamics/src/core/ast_ch2_core.sci",low_risk_vector_math,low_risk_candidate,8D_helper_deduplication_then_low_risk_vector_contracts,common scalar/vector helper; promote only if deduplicated against existing M00 kernels and needed by a bounded family,yes_standard_formula_vault_contract_and_source_locator_review,Common vector helper; likely duplicate of existing central M00 vector kernels.
P2_after_contract_review,PORT_STATUS_RELEASE_GATE.csv:row_0114,ch2_deg2rad,foa_ch02_ast_deg2rad,"Bate, Mueller, and White - Fundamentals of Astrodynamics/fundamentals_astrodynamics_scilab_cleaned_all/fundamentals_astrodynamics_scilab_cleaned_all/namespaced/ch02_scilab_astrodynamics/src/core/ast_ch2_core.sci",unit_conversion,low_risk_candidate,8D_deduplicated_unit_conversion_helpers,low-risk by metadata but requires family contract before implementation,yes_standard_formula_vault_contract_and_source_locator_review,Unit/constants conversion pattern.
P2_after_contract_review,PORT_STATUS_RELEASE_GATE.csv:row_0115,ch2_rad2deg,foa_ch02_ast_rad2deg,"Bate, Mueller, and White - Fundamentals of Astrodynamics/fundamentals_astrodynamics_scilab_cleaned_all/fundamentals_astrodynamics_scilab_cleaned_all/namespaced/ch02_scilab_astrodynamics/src/core/ast_ch2_core.sci",unit_conversion,low_risk_candidate,8D_deduplicated_unit_conversion_helpers,low-risk by metadata but requires family contract before implementation,yes_standard_formula_vault_contract_and_source_locator_review,Unit/constants conversion pattern.
P1_after_helper_deduplication,PORT_STATUS_RELEASE_GATE.csv:row_0117,ch2_safe_sqrt,foa_ch02_ast_safe_sqrt,"Bate, Mueller, and White - Fundamentals of Astrodynamics/fundamentals_astrodynamics_scilab_cleaned_all/fundamentals_astrodynamics_scilab_cleaned_all/namespaced/ch02_scilab_astrodynamics/src/core/ast_ch2_core.sci",low_risk_scalar_math,low_risk_candidate,8D_helper_deduplication_then_low_risk_scalar_contracts,common scalar/vector helper; promote only if deduplicated against existing M00 kernels and needed by a bounded family,yes_standard_formula_vault_contract_and_source_locator_review,Common scalar helper; likely duplicate utility row.
P1_after_helper_deduplication,PORT_STATUS_RELEASE_GATE.csv:row_0118,ch2_det3_cols,foa_ch02_ast_det3_cols,"Bate, Mueller, and White - Fundamentals of Astrodynamics/fundamentals_astrodynamics_scilab_cleaned_all/fundamentals_astrodynamics_scilab_cleaned_all/namespaced/ch02_scilab_astrodynamics/src/core/ast_ch2_core.sci",low_risk_vector_math,low_risk_candidate,8D_helper_deduplication_then_low_risk_vector_contracts,common scalar/vector helper; promote only if deduplicated against existing M00 kernels and needed by a bounded family,yes_standard_formula_vault_contract_and_source_locator_review,Common vector helper; likely duplicate of existing central M00 vector kernels.
P1_after_helper_deduplication,PORT_STATUS_RELEASE_GATE.csv:row_0119,ch2_eye3,foa_ch02_ast_eye3,"Bate, Mueller, and White - Fundamentals of Astrodynamics/fundamentals_astrodynamics_scilab_cleaned_all/fundamentals_astrodynamics_scilab_cleaned_all/namespaced/ch02_scilab_astrodynamics/src/core/ast_ch2_core.sci",low_risk_vector_math,low_risk_candidate,8D_helper_deduplication_then_low_risk_vector_contracts,common scalar/vector helper; promote only if deduplicated against existing M00 kernels and needed by a bounded family,yes_standard_formula_vault_contract_and_source_locator_review,Common vector helper; likely duplicate of existing central M00 vector kernels.
P1_after_helper_deduplication,PORT_STATUS_RELEASE_GATE.csv:row_0120,ch2_sign_nonzero,foa_ch02_ast_sign_nonzero,"Bate, Mueller, and White - Fundamentals of Astrodynamics/fundamentals_astrodynamics_scilab_cleaned_all/fundamentals_astrodynamics_scilab_cleaned_all/namespaced/ch02_scilab_astrodynamics/src/core/ast_ch2_core.sci",low_risk_scalar_math,low_risk_candidate,8D_helper_deduplication_then_low_risk_scalar_contracts,common scalar/vector helper; promote only if deduplicated against existing M00 kernels and needed by a bounded family,yes_standard_formula_vault_contract_and_source_locator_review,Common scalar helper; likely duplicate utility row.
P2_after_contract_review,PORT_STATUS_RELEASE_GATE.csv:row_0121,earth_rotation_rate_canonical,foa_ch02_ast_earth_rotation_rate_canonical,"Bate, Mueller, and White - Fundamentals of Astrodynamics/fundamentals_astrodynamics_scilab_cleaned_all/fundamentals_astrodynamics_scilab_cleaned_all/namespaced/ch02_scilab_astrodynamics/src/core/ast_ch2_core.sci",unit_conversion,low_risk_candidate,8D_deduplicated_unit_conversion_helpers,low-risk by metadata but requires family contract before implementation,yes_standard_formula_vault_contract_and_source_locator_review,Unit/constants conversion pattern.
P1_after_helper_deduplication,PORT_STATUS_RELEASE_GATE.csv:row_0188,ch3_col,foa_ch03_ast_col,"source_scilab_extracted_locator/Bate, Mueller, and White - Fundamentals of Astrodynamics/fundamentals_astrodynamics_scilab_cleaned_all/fundamentals_astrodynamics_scilab_cleaned_all/namespaced/ch03_scilab_astrodynamics/src/core/ast_ch3_core.sci",low_risk_vector_math,low_risk_candidate,8D_helper_deduplication_then_low_risk_vector_contracts,common scalar/vector helper; promote only if deduplicated against existing M00 kernels and needed by a bounded family,yes_standard_formula_vault_contract_and_source_locator_review,Common vector helper; likely duplicate of existing central M00 vector kernels.
P1_after_helper_deduplication,PORT_STATUS_RELEASE_GATE.csv:row_0189,ch3_dot,foa_ch03_ast_dot,"source_scilab_extracted_locator/Bate, Mueller, and White - Fundamentals of Astrodynamics/fundamentals_astrodynamics_scilab_cleaned_all/fundamentals_astrodynamics_scilab_cleaned_all/namespaced/ch03_scilab_astrodynamics/src/core/ast_ch3_core.sci",low_risk_vector_math,low_risk_candidate,8D_helper_deduplication_then_low_risk_vector_contracts,common scalar/vector helper; promote only if deduplicated against existing M00 kernels and needed by a bounded family,yes_standard_formula_vault_contract_and_source_locator_review,Common vector helper; likely duplicate of existing central M00 vector kernels.
P1_after_helper_deduplication,PORT_STATUS_RELEASE_GATE.csv:row_0190,ch3_cross,foa_ch03_ast_cross,"source_scilab_extracted_locator/Bate, Mueller, and White - Fundamentals of Astrodynamics/fundamentals_astrodynamics_scilab_cleaned_all/fundamentals_astrodynamics_scilab_cleaned_all/namespaced/ch03_scilab_astrodynamics/src/core/ast_ch3_core.sci",low_risk_vector_math,low_risk_candidate,8D_helper_deduplication_then_low_risk_vector_contracts,common scalar/vector helper; promote only if deduplicated against existing M00 kernels and needed by a bounded family,yes_standard_formula_vault_contract_and_source_locator_review,Common vector helper; likely duplicate of existing central M00 vector kernels.
P1_after_helper_deduplication,PORT_STATUS_RELEASE_GATE.csv:row_0191,ch3_norm,foa_ch03_ast_norm,"source_scilab_extracted_locator/Bate, Mueller, and White - Fundamentals of Astrodynamics/fundamentals_astrodynamics_scilab_cleaned_all/fundamentals_astrodynamics_scilab_cleaned_all/namespaced/ch03_scilab_astrodynamics/src/core/ast_ch3_core.sci",low_risk_vector_math,low_risk_candidate,8D_helper_deduplication_then_low_risk_vector_contracts,common scalar/vector helper; promote only if deduplicated against existing M00 kernels and needed by a bounded family,yes_standard_formula_vault_contract_and_source_locator_review,Common vector helper; likely duplicate of existing central M00 vector kernels.
P1_after_helper_deduplication,PORT_STATUS_RELEASE_GATE.csv:row_0192,ch3_unit,foa_ch03_ast_unit,"source_scilab_extracted_locator/Bate, Mueller, and White - Fundamentals of Astrodynamics/fundamentals_astrodynamics_scilab_cleaned_all/fundamentals_astrodynamics_scilab_cleaned_all/namespaced/ch03_scilab_astrodynamics/src/core/ast_ch3_core.sci",low_risk_vector_math,low_risk_candidate,8D_helper_deduplication_then_low_risk_vector_contracts,common scalar/vector helper; promote only if deduplicated against existing M00 kernels and needed by a bounded family,yes_standard_formula_vault_contract_and_source_locator_review,Common vector helper; likely duplicate of existing central M00 vector kernels.
P1_after_helper_deduplication,PORT_STATUS_RELEASE_GATE.csv:row_0193,ch3_clamp,foa_ch03_ast_clamp,"source_scilab_extracted_locator/Bate, Mueller, and White - Fundamentals of Astrodynamics/fundamentals_astrodynamics_scilab_cleaned_all/fundamentals_astrodynamics_scilab_cleaned_all/namespaced/ch03_scilab_astrodynamics/src/core/ast_ch3_core.sci",low_risk_scalar_math,low_risk_candidate,8D_helper_deduplication_then_low_risk_scalar_contracts,common scalar/vector helper; promote only if deduplicated against existing M00 kernels and needed by a bounded family,yes_standard_formula_vault_contract_and_source_locator_review,Common scalar helper; likely duplicate utility row.
P1_after_helper_deduplication,PORT_STATUS_RELEASE_GATE.csv:row_0194,ch3_safe_sqrt,foa_ch03_ast_safe_sqrt,"source_scilab_extracted_locator/Bate, Mueller, and White - Fundamentals of Astrodynamics/fundamentals_astrodynamics_scilab_cleaned_all/fundamentals_astrodynamics_scilab_cleaned_all/namespaced/ch03_scilab_astrodynamics/src/core/ast_ch3_core.sci",low_risk_scalar_math,low_risk_candidate,8D_helper_deduplication_then_low_risk_scalar_contracts,common scalar/vector helper; promote only if deduplicated against existing M00 kernels and needed by a bounded family,yes_standard_formula_vault_contract_and_source_locator_review,Common scalar helper; likely duplicate utility row.
P2_after_contract_review,PORT_STATUS_RELEASE_GATE.csv:row_0198,ch3_deg2rad,foa_ch03_ast_deg2rad,"source_scilab_extracted_locator/Bate, Mueller, and White - Fundamentals of Astrodynamics/fundamentals_astrodynamics_scilab_cleaned_all/fundamentals_astrodynamics_scilab_cleaned_all/namespaced/ch03_scilab_astrodynamics/src/core/ast_ch3_core.sci",unit_conversion,low_risk_candidate,8D_deduplicated_unit_conversion_helpers,low-risk by metadata but requires family contract before implementation,yes_standard_formula_vault_contract_and_source_locator_review,Unit/constants conversion pattern.
P2_after_contract_review,PORT_STATUS_RELEASE_GATE.csv:row_0199,ch3_rad2deg,foa_ch03_ast_rad2deg,"source_scilab_extracted_locator/Bate, Mueller, and White - Fundamentals of Astrodynamics/fundamentals_astrodynamics_scilab_cleaned_all/fundamentals_astrodynamics_scilab_cleaned_all/namespaced/ch03_scilab_astrodynamics/src/core/ast_ch3_core.sci",unit_conversion,low_risk_candidate,8D_deduplicated_unit_conversion_helpers,low-risk by metadata but requires family contract before implementation,yes_standard_formula_vault_contract_and_source_locator_review,Unit/constants conversion pattern.
P1_after_helper_deduplication,PORT_STATUS_RELEASE_GATE.csv:row_0201,ch3_angle_between,foa_ch03_ast_angle_between,"source_scilab_extracted_locator/Bate, Mueller, and White - Fundamentals of Astrodynamics/fundamentals_astrodynamics_scilab_cleaned_all/fundamentals_astrodynamics_scilab_cleaned_all/namespaced/ch03_scilab_astrodynamics/src/core/ast_ch3_core.sci",low_risk_vector_math,low_risk_candidate,8D_helper_deduplication_then_low_risk_vector_contracts,common scalar/vector helper; promote only if deduplicated against existing M00 kernels and needed by a bounded family,yes_standard_formula_vault_contract_and_source_locator_review,Common vector helper; likely duplicate of existing central M00 vector kernels.
P1_after_helper_deduplication,PORT_STATUS_RELEASE_GATE.csv:row_0285,ch4::acosh,foa_ch04_ast_acosh,"Bate, Mueller, and White - Fundamentals of Astrodynamics/fundamentals_astrodynamics_scilab_cleaned_all/fundamentals_astrodynamics_scilab_cleaned_all/namespaced/ch04_scilab_astrodynamics/src/core/ast_ch4_core.sci",low_risk_scalar_math,low_risk_candidate,8D_helper_deduplication_then_low_risk_scalar_contracts,common scalar/vector helper; promote only if deduplicated against existing M00 kernels and needed by a bounded family,yes_standard_formula_vault_contract_and_source_locator_review,Common scalar helper; likely duplicate utility row.
P1_after_helper_deduplication,PORT_STATUS_RELEASE_GATE.csv:row_0286,ch4::asinh,foa_ch04_ast_asinh,"Bate, Mueller, and White - Fundamentals of Astrodynamics/fundamentals_astrodynamics_scilab_cleaned_all/fundamentals_astrodynamics_scilab_cleaned_all/namespaced/ch04_scilab_astrodynamics/src/core/ast_ch4_core.sci",low_risk_scalar_math,low_risk_candidate,8D_helper_deduplication_then_low_risk_scalar_contracts,common scalar/vector helper; promote only if deduplicated against existing M00 kernels and needed by a bounded family,yes_standard_formula_vault_contract_and_source_locator_review,Common scalar helper; likely duplicate utility row.
P1_after_helper_deduplication,PORT_STATUS_RELEASE_GATE.csv:row_0293,ch4::ch4_clamp,foa_ch04_ast_clamp,"Bate, Mueller, and White - Fundamentals of Astrodynamics/fundamentals_astrodynamics_scilab_cleaned_all/fundamentals_astrodynamics_scilab_cleaned_all/namespaced/ch04_scilab_astrodynamics/src/core/ast_ch4_core.sci",low_risk_scalar_math,low_risk_candidate,8D_helper_deduplication_then_low_risk_scalar_contracts,common scalar/vector helper; promote only if deduplicated against existing M00 kernels and needed by a bounded family,yes_standard_formula_vault_contract_and_source_locator_review,Common scalar helper; likely duplicate utility row.
P1_after_helper_deduplication,PORT_STATUS_RELEASE_GATE.csv:row_0294,ch4::col,foa_ch04_ast_col,"Bate, Mueller, and White - Fundamentals of Astrodynamics/fundamentals_astrodynamics_scilab_cleaned_all/fundamentals_astrodynamics_scilab_cleaned_all/namespaced/ch04_scilab_astrodynamics/src/core/ast_ch4_core.sci",low_risk_vector_math,low_risk_candidate,8D_helper_deduplication_then_low_risk_vector_contracts,common scalar/vector helper; promote only if deduplicated against existing M00 kernels and needed by a bounded family,yes_standard_formula_vault_contract_and_source_locator_review,Common vector helper; likely duplicate of existing central M00 vector kernels.
P1_after_helper_deduplication,PORT_STATUS_RELEASE_GATE.csv:row_0298,ch4::cross,foa_ch04_ast_cross,"Bate, Mueller, and White - Fundamentals of Astrodynamics/fundamentals_astrodynamics_scilab_cleaned_all/fundamentals_astrodynamics_scilab_cleaned_all/namespaced/ch04_scilab_astrodynamics/src/core/ast_ch4_core.sci",low_risk_vector_math,low_risk_candidate,8D_helper_deduplication_then_low_risk_vector_contracts,common scalar/vector helper; promote only if deduplicated against existing M00 kernels and needed by a bounded family,yes_standard_formula_vault_contract_and_source_locator_review,Common vector helper; likely duplicate of existing central M00 vector kernels.
P2_after_contract_review,PORT_STATUS_RELEASE_GATE.csv:row_0299,ch4::deg2rad,foa_ch04_ast_deg2rad,"Bate, Mueller, and White - Fundamentals of Astrodynamics/fundamentals_astrodynamics_scilab_cleaned_all/fundamentals_astrodynamics_scilab_cleaned_all/namespaced/ch04_scilab_astrodynamics/src/core/ast_ch4_core.sci",unit_conversion,low_risk_candidate,8D_deduplicated_unit_conversion_helpers,low-risk by metadata but requires family contract before implementation,yes_standard_formula_vault_contract_and_source_locator_review,Unit/constants conversion pattern.
P1_after_helper_deduplication,PORT_STATUS_RELEASE_GATE.csv:row_0300,ch4::dot,foa_ch04_ast_dot,"Bate, Mueller, and White - Fundamentals of Astrodynamics/fundamentals_astrodynamics_scilab_cleaned_all/fundamentals_astrodynamics_scilab_cleaned_all/namespaced/ch04_scilab_astrodynamics/src/core/ast_ch4_core.sci",low_risk_vector_math,low_risk_candidate,8D_helper_deduplication_then_low_risk_vector_contracts,common scalar/vector helper; promote only if deduplicated against existing M00 kernels and needed by a bounded family,yes_standard_formula_vault_contract_and_source_locator_review,Common vector helper; likely duplicate of existing central M00 vector kernels.
P1_after_helper_deduplication,PORT_STATUS_RELEASE_GATE.csv:row_0304,ch4::norm,foa_ch04_ast_norm,"Bate, Mueller, and White - Fundamentals of Astrodynamics/fundamentals_astrodynamics_scilab_cleaned_all/fundamentals_astrodynamics_scilab_cleaned_all/namespaced/ch04_scilab_astrodynamics/src/core/ast_ch4_core.sci",low_risk_vector_math,low_risk_candidate,8D_helper_deduplication_then_low_risk_vector_contracts,common scalar/vector helper; promote only if deduplicated against existing M00 kernels and needed by a bounded family,yes_standard_formula_vault_contract_and_source_locator_review,Common vector helper; likely duplicate of existing central M00 vector kernels.
P2_after_contract_review,PORT_STATUS_RELEASE_GATE.csv:row_0306,ch4::rad2deg,foa_ch04_ast_rad2deg,"Bate, Mueller, and White - Fundamentals of Astrodynamics/fundamentals_astrodynamics_scilab_cleaned_all/fundamentals_astrodynamics_scilab_cleaned_all/namespaced/ch04_scilab_astrodynamics/src/core/ast_ch4_core.sci",unit_conversion,low_risk_candidate,8D_deduplicated_unit_conversion_helpers,low-risk by metadata but requires family contract before implementation,yes_standard_formula_vault_contract_and_source_locator_review,Unit/constants conversion pattern.
P1_after_helper_deduplication,PORT_STATUS_RELEASE_GATE.csv:row_0310,ch4::sign,foa_ch04_ast_sign,"Bate, Mueller, and White - Fundamentals of Astrodynamics/fundamentals_astrodynamics_scilab_cleaned_all/fundamentals_astrodynamics_scilab_cleaned_all/namespaced/ch04_scilab_astrodynamics/src/core/ast_ch4_core.sci",low_risk_scalar_math,low_risk_candidate,8D_helper_deduplication_then_low_risk_scalar_contracts,common scalar/vector helper; promote only if deduplicated against existing M00 kernels and needed by a bounded family,yes_standard_formula_vault_contract_and_source_locator_review,Common scalar helper; likely duplicate utility row.
P1_after_helper_deduplication,PORT_STATUS_RELEASE_GATE.csv:row_0312,ch4::unit,foa_ch04_ast_unit,"Bate, Mueller, and White - Fundamentals of Astrodynamics/fundamentals_astrodynamics_scilab_cleaned_all/fundamentals_astrodynamics_scilab_cleaned_all/namespaced/ch04_scilab_astrodynamics/src/core/ast_ch4_core.sci",low_risk_vector_math,low_risk_candidate,8D_helper_deduplication_then_low_risk_vector_contracts,common scalar/vector helper; promote only if deduplicated against existing M00 kernels and needed by a bounded family,yes_standard_formula_vault_contract_and_source_locator_review,Common vector helper; likely duplicate of existing central M00 vector kernels.
P1_after_helper_deduplication,PORT_STATUS_RELEASE_GATE.csv:row_0360,ch5::acosh,foa_ch05_ast_acosh,"Bate, Mueller, and White - Fundamentals of Astrodynamics/fundamentals_astrodynamics_scilab_cleaned_all/fundamentals_astrodynamics_scilab_cleaned_all/namespaced/ch05_scilab_astrodynamics/src/core/ast_ch5_core.sci",low_risk_scalar_math,low_risk_candidate,8D_helper_deduplication_then_low_risk_scalar_contracts,common scalar/vector helper; promote only if deduplicated against existing M00 kernels and needed by a bounded family,yes_standard_formula_vault_contract_and_source_locator_review,Common scalar helper; likely duplicate utility row.
P1_after_helper_deduplication,PORT_STATUS_RELEASE_GATE.csv:row_0366,ch5::clamp,foa_ch05_ast_clamp,"Bate, Mueller, and White - Fundamentals of Astrodynamics/fundamentals_astrodynamics_scilab_cleaned_all/fundamentals_astrodynamics_scilab_cleaned_all/namespaced/ch05_scilab_astrodynamics/src/core/ast_ch5_core.sci",low_risk_scalar_math,low_risk_candidate,8D_helper_deduplication_then_low_risk_scalar_contracts,common scalar/vector helper; promote only if deduplicated against existing M00 kernels and needed by a bounded family,yes_standard_formula_vault_contract_and_source_locator_review,Common scalar helper; likely duplicate utility row.
P1_after_helper_deduplication,PORT_STATUS_RELEASE_GATE.csv:row_0367,ch5::col,foa_ch05_ast_col,"Bate, Mueller, and White - Fundamentals of Astrodynamics/fundamentals_astrodynamics_scilab_cleaned_all/fundamentals_astrodynamics_scilab_cleaned_all/namespaced/ch05_scilab_astrodynamics/src/core/ast_ch5_core.sci",low_risk_vector_math,low_risk_candidate,8D_helper_deduplication_then_low_risk_vector_contracts,common scalar/vector helper; promote only if deduplicated against existing M00 kernels and needed by a bounded family,yes_standard_formula_vault_contract_and_source_locator_review,Common vector helper; likely duplicate of existing central M00 vector kernels.
P1_after_helper_deduplication,PORT_STATUS_RELEASE_GATE.csv:row_0368,ch5::cross,foa_ch05_ast_cross,"Bate, Mueller, and White - Fundamentals of Astrodynamics/fundamentals_astrodynamics_scilab_cleaned_all/fundamentals_astrodynamics_scilab_cleaned_all/namespaced/ch05_scilab_astrodynamics/src/core/ast_ch5_core.sci",low_risk_vector_math,low_risk_candidate,8D_helper_deduplication_then_low_risk_vector_contracts,common scalar/vector helper; promote only if deduplicated against existing M00 kernels and needed by a bounded family,yes_standard_formula_vault_contract_and_source_locator_review,Common vector helper; likely duplicate of existing central M00 vector kernels.
P2_after_contract_review,PORT_STATUS_RELEASE_GATE.csv:row_0369,ch5::deg2rad,foa_ch05_ast_deg2rad,"Bate, Mueller, and White - Fundamentals of Astrodynamics/fundamentals_astrodynamics_scilab_cleaned_all/fundamentals_astrodynamics_scilab_cleaned_all/namespaced/ch05_scilab_astrodynamics/src/core/ast_ch5_core.sci",unit_conversion,low_risk_candidate,8D_deduplicated_unit_conversion_helpers,low-risk by metadata but requires family contract before implementation,yes_standard_formula_vault_contract_and_source_locator_review,Unit/constants conversion pattern.
P1_after_helper_deduplication,PORT_STATUS_RELEASE_GATE.csv:row_0370,ch5::dot,foa_ch05_ast_dot,"Bate, Mueller, and White - Fundamentals of Astrodynamics/fundamentals_astrodynamics_scilab_cleaned_all/fundamentals_astrodynamics_scilab_cleaned_all/namespaced/ch05_scilab_astrodynamics/src/core/ast_ch5_core.sci",low_risk_vector_math,low_risk_candidate,8D_helper_deduplication_then_low_risk_vector_contracts,common scalar/vector helper; promote only if deduplicated against existing M00 kernels and needed by a bounded family,yes_standard_formula_vault_contract_and_source_locator_review,Common vector helper; likely duplicate of existing central M00 vector kernels.
P1_after_helper_deduplication,PORT_STATUS_RELEASE_GATE.csv:row_0373,ch5::norm,foa_ch05_ast_norm,"Bate, Mueller, and White - Fundamentals of Astrodynamics/fundamentals_astrodynamics_scilab_cleaned_all/fundamentals_astrodynamics_scilab_cleaned_all/namespaced/ch05_scilab_astrodynamics/src/core/ast_ch5_core.sci",low_risk_vector_math,low_risk_candidate,8D_helper_deduplication_then_low_risk_vector_contracts,common scalar/vector helper; promote only if deduplicated against existing M00 kernels and needed by a bounded family,yes_standard_formula_vault_contract_and_source_locator_review,Common vector helper; likely duplicate of existing central M00 vector kernels.
P2_after_contract_review,PORT_STATUS_RELEASE_GATE.csv:row_0374,ch5::rad2deg,foa_ch05_ast_rad2deg,"Bate, Mueller, and White - Fundamentals of Astrodynamics/fundamentals_astrodynamics_scilab_cleaned_all/fundamentals_astrodynamics_scilab_cleaned_all/namespaced/ch05_scilab_astrodynamics/src/core/ast_ch5_core.sci",unit_conversion,low_risk_candidate,8D_deduplicated_unit_conversion_helpers,low-risk by metadata but requires family contract before implementation,yes_standard_formula_vault_contract_and_source_locator_review,Unit/constants conversion pattern.
P1_after_helper_deduplication,PORT_STATUS_RELEASE_GATE.csv:row_0376,ch5::safesqrt,foa_ch05_ast_safesqrt,"Bate, Mueller, and White - Fundamentals of Astrodynamics/fundamentals_astrodynamics_scilab_cleaned_all/fundamentals_astrodynamics_scilab_cleaned_all/namespaced/ch05_scilab_astrodynamics/src/core/ast_ch5_core.sci",low_risk_scalar_math,low_risk_candidate,8D_helper_deduplication_then_low_risk_scalar_contracts,common scalar/vector helper; promote only if deduplicated against existing M00 kernels and needed by a bounded family,yes_standard_formula_vault_contract_and_source_locator_review,Common scalar helper; likely duplicate utility row.
P1_after_helper_deduplication,PORT_STATUS_RELEASE_GATE.csv:row_0378,ch5::sign,foa_ch05_ast_sign,"Bate, Mueller, and White - Fundamentals of Astrodynamics/fundamentals_astrodynamics_scilab_cleaned_all/fundamentals_astrodynamics_scilab_cleaned_all/namespaced/ch05_scilab_astrodynamics/src/core/ast_ch5_core.sci",low_risk_scalar_math,low_risk_candidate,8D_helper_deduplication_then_low_risk_scalar_contracts,common scalar/vector helper; promote only if deduplicated against existing M00 kernels and needed by a bounded family,yes_standard_formula_vault_contract_and_source_locator_review,Common scalar helper; likely duplicate utility row.
P1_after_helper_deduplication,PORT_STATUS_RELEASE_GATE.csv:row_0442,ch6::col,foa_ch06_ast_col,"Bate, Mueller, and White - Fundamentals of Astrodynamics/fundamentals_astrodynamics_scilab_cleaned_all/fundamentals_astrodynamics_scilab_cleaned_all/namespaced/ch06_scilab_astrodynamics/src/core/ast_ch6_core.sci",low_risk_vector_math,low_risk_candidate,8D_helper_deduplication_then_low_risk_vector_contracts,common scalar/vector helper; promote only if deduplicated against existing M00 kernels and needed by a bounded family,yes_standard_formula_vault_contract_and_source_locator_review,Common vector helper; likely duplicate of existing central M00 vector kernels.
P1_after_helper_deduplication,PORT_STATUS_RELEASE_GATE.csv:row_0443,ch6::dot,foa_ch06_ast_dot,"Bate, Mueller, and White - Fundamentals of Astrodynamics/fundamentals_astrodynamics_scilab_cleaned_all/fundamentals_astrodynamics_scilab_cleaned_all/namespaced/ch06_scilab_astrodynamics/src/core/ast_ch6_core.sci",low_risk_vector_math,low_risk_candidate,8D_helper_deduplication_then_low_risk_vector_contracts,common scalar/vector helper; promote only if deduplicated against existing M00 kernels and needed by a bounded family,yes_standard_formula_vault_contract_and_source_locator_review,Common vector helper; likely duplicate of existing central M00 vector kernels.
P1_after_helper_deduplication,PORT_STATUS_RELEASE_GATE.csv:row_0444,ch6::cross,foa_ch06_ast_cross,"Bate, Mueller, and White - Fundamentals of Astrodynamics/fundamentals_astrodynamics_scilab_cleaned_all/fundamentals_astrodynamics_scilab_cleaned_all/namespaced/ch06_scilab_astrodynamics/src/core/ast_ch6_core.sci",low_risk_vector_math,low_risk_candidate,8D_helper_deduplication_then_low_risk_vector_contracts,common scalar/vector helper; promote only if deduplicated against existing M00 kernels and needed by a bounded family,yes_standard_formula_vault_contract_and_source_locator_review,Common vector helper; likely duplicate of existing central M00 vector kernels.
P1_after_helper_deduplication,PORT_STATUS_RELEASE_GATE.csv:row_0445,ch6::norm,foa_ch06_ast_norm,"Bate, Mueller, and White - Fundamentals of Astrodynamics/fundamentals_astrodynamics_scilab_cleaned_all/fundamentals_astrodynamics_scilab_cleaned_all/namespaced/ch06_scilab_astrodynamics/src/core/ast_ch6_core.sci",low_risk_vector_math,low_risk_candidate,8D_helper_deduplication_then_low_risk_vector_contracts,common scalar/vector helper; promote only if deduplicated against existing M00 kernels and needed by a bounded family,yes_standard_formula_vault_contract_and_source_locator_review,Common vector helper; likely duplicate of existing central M00 vector kernels.
P1_after_helper_deduplication,PORT_STATUS_RELEASE_GATE.csv:row_0446,ch6::sign,foa_ch06_ast_sign,"Bate, Mueller, and White - Fundamentals of Astrodynamics/fundamentals_astrodynamics_scilab_cleaned_all/fundamentals_astrodynamics_scilab_cleaned_all/namespaced/ch06_scilab_astrodynamics/src/core/ast_ch6_core.sci",low_risk_scalar_math,low_risk_candidate,8D_helper_deduplication_then_low_risk_scalar_contracts,common scalar/vector helper; promote only if deduplicated against existing M00 kernels and needed by a bounded family,yes_standard_formula_vault_contract_and_source_locator_review,Common scalar helper; likely duplicate utility row.
P1_after_helper_deduplication,PORT_STATUS_RELEASE_GATE.csv:row_0447,ch6::clamp,foa_ch06_ast_clamp,"Bate, Mueller, and White - Fundamentals of Astrodynamics/fundamentals_astrodynamics_scilab_cleaned_all/fundamentals_astrodynamics_scilab_cleaned_all/namespaced/ch06_scilab_astrodynamics/src/core/ast_ch6_core.sci",low_risk_scalar_math,low_risk_candidate,8D_helper_deduplication_then_low_risk_scalar_contracts,common scalar/vector helper; promote only if deduplicated against existing M00 kernels and needed by a bounded family,yes_standard_formula_vault_contract_and_source_locator_review,Common scalar helper; likely duplicate utility row.
P2_after_contract_review,PORT_STATUS_RELEASE_GATE.csv:row_0448,ch6::deg2rad,foa_ch06_ast_deg2rad,"Bate, Mueller, and White - Fundamentals of Astrodynamics/fundamentals_astrodynamics_scilab_cleaned_all/fundamentals_astrodynamics_scilab_cleaned_all/namespaced/ch06_scilab_astrodynamics/src/core/ast_ch6_core.sci",unit_conversion,low_risk_candidate,8D_deduplicated_unit_conversion_helpers,low-risk by metadata but requires family contract before implementation,yes_standard_formula_vault_contract_and_source_locator_review,Unit/constants conversion pattern.
P2_after_contract_review,PORT_STATUS_RELEASE_GATE.csv:row_0449,ch6::rad2deg,foa_ch06_ast_rad2deg,"Bate, Mueller, and White - Fundamentals of Astrodynamics/fundamentals_astrodynamics_scilab_cleaned_all/fundamentals_astrodynamics_scilab_cleaned_all/namespaced/ch06_scilab_astrodynamics/src/core/ast_ch6_core.sci",unit_conversion,low_risk_candidate,8D_deduplicated_unit_conversion_helpers,low-risk by metadata but requires family contract before implementation,yes_standard_formula_vault_contract_and_source_locator_review,Unit/constants conversion pattern.
P1_after_helper_deduplication,PORT_STATUS_RELEASE_GATE.csv:row_0453,ch6::safesqrt,foa_ch06_ast_safesqrt,"Bate, Mueller, and White - Fundamentals of Astrodynamics/fundamentals_astrodynamics_scilab_cleaned_all/fundamentals_astrodynamics_scilab_cleaned_all/namespaced/ch06_scilab_astrodynamics/src/core/ast_ch6_core.sci",low_risk_scalar_math,low_risk_candidate,8D_helper_deduplication_then_low_risk_scalar_contracts,common scalar/vector helper; promote only if deduplicated against existing M00 kernels and needed by a bounded family,yes_standard_formula_vault_contract_and_source_locator_review,Common scalar helper; likely duplicate utility row.
P1_after_helper_deduplication,PORT_STATUS_RELEASE_GATE.csv:row_0454,ch6::safeacos_arg,foa_ch06_ast_safeacos_arg,"Bate, Mueller, and White - Fundamentals of Astrodynamics/fundamentals_astrodynamics_scilab_cleaned_all/fundamentals_astrodynamics_scilab_cleaned_all/namespaced/ch06_scilab_astrodynamics/src/core/ast_ch6_core.sci",low_risk_scalar_math,low_risk_candidate,8D_helper_deduplication_then_low_risk_scalar_contracts,common scalar/vector helper; promote only if deduplicated against existing M00 kernels and needed by a bounded family,yes_standard_formula_vault_contract_and_source_locator_review,Common scalar helper; likely duplicate utility row.
P1_after_helper_deduplication,PORT_STATUS_RELEASE_GATE.csv:row_0455,ch6::angle_between,foa_ch06_ast_angle_between,"Bate, Mueller, and White - Fundamentals of Astrodynamics/fundamentals_astrodynamics_scilab_cleaned_all/fundamentals_astrodynamics_scilab_cleaned_all/namespaced/ch06_scilab_astrodynamics/src/core/ast_ch6_core.sci",low_risk_vector_math,low_risk_candidate,8D_helper_deduplication_then_low_risk_vector_contracts,common scalar/vector helper; promote only if deduplicated against existing M00 kernels and needed by a bounded family,yes_standard_formula_vault_contract_and_source_locator_review,Common vector helper; likely duplicate of existing central M00 vector kernels.
P1_after_helper_deduplication,PORT_STATUS_RELEASE_GATE.csv:row_0459,ch6::latlon_to_unit,foa_ch06_ast_latlon_to_unit,"Bate, Mueller, and White - Fundamentals of Astrodynamics/fundamentals_astrodynamics_scilab_cleaned_all/fundamentals_astrodynamics_scilab_cleaned_all/namespaced/ch06_scilab_astrodynamics/src/core/ast_ch6_core.sci",low_risk_vector_math,low_risk_candidate,8D_helper_deduplication_then_low_risk_vector_contracts,common scalar/vector helper; promote only if deduplicated against existing M00 kernels and needed by a bounded family,yes_standard_formula_vault_contract_and_source_locator_review,Common vector helper; likely duplicate of existing central M00 vector kernels.
P1_after_helper_deduplication,PORT_STATUS_RELEASE_GATE.csv:row_0491,app_sign_nonzero,foa_app_ast_app_sign_nonzero,"Bate, Mueller, and White - Fundamentals of Astrodynamics/fundamentals_astrodynamics_scilab_cleaned_all/fundamentals_astrodynamics_scilab_cleaned_all/namespaced/appendices_scilab_astrodynamics/src/projects/ast_app_predict_kepler_gauss.sci",low_risk_scalar_math,low_risk_candidate,8D_helper_deduplication_then_low_risk_scalar_contracts,common scalar/vector helper; promote only if deduplicated against existing M00 kernels and needed by a bounded family,yes_standard_formula_vault_contract_and_source_locator_review,Common scalar helper; likely duplicate utility row.
P1_after_helper_deduplication,PORT_STATUS_RELEASE_GATE.csv:row_0530,num_clamp,num_clamp,source_scilab/curtis_section09_numerical_algorithms/src/num_clamp.sci,low_risk_scalar_math,low_risk_candidate,8D_helper_deduplication_then_low_risk_scalar_contracts,common scalar/vector helper; promote only if deduplicated against existing M00 kernels and needed by a bounded family,yes_standard_formula_vault_contract_and_source_locator_review,Common scalar helper; likely duplicate utility row.
P1_after_helper_deduplication,PORT_STATUS_RELEASE_GATE.csv:row_0531,num_columnize,num_columnize,source_scilab/curtis_section09_numerical_algorithms/src/num_columnize.sci,low_risk_vector_math,low_risk_candidate,8D_helper_deduplication_then_low_risk_vector_contracts,common scalar/vector helper; promote only if deduplicated against existing M00 kernels and needed by a bounded family,yes_standard_formula_vault_contract_and_source_locator_review,Numerical helper duplicate pattern.
P1_after_helper_deduplication,PORT_STATUS_RELEASE_GATE.csv:row_0534,num_unit,num_unit,source_scilab/curtis_section09_numerical_algorithms/src/num_unit.sci,low_risk_vector_math,low_risk_candidate,8D_helper_deduplication_then_low_risk_vector_contracts,common scalar/vector helper; promote only if deduplicated against existing M00 kernels and needed by a bounded family,yes_standard_formula_vault_contract_and_source_locator_review,Common vector helper; likely duplicate of existing central M00 vector kernels.
P1_after_helper_deduplication,PORT_STATUS_RELEASE_GATE.csv:row_0535,num_veccross,num_veccross,source_scilab/curtis_section09_numerical_algorithms/src/num_veccross.sci,low_risk_vector_math,low_risk_candidate,8D_helper_deduplication_then_low_risk_vector_contracts,common scalar/vector helper; promote only if deduplicated against existing M00 kernels and needed by a bounded family,yes_standard_formula_vault_contract_and_source_locator_review,Common vector helper; likely duplicate of existing central M00 vector kernels.
P1_after_helper_deduplication,PORT_STATUS_RELEASE_GATE.csv:row_0536,num_vecdot,num_vecdot,source_scilab/curtis_section09_numerical_algorithms/src/num_vecdot.sci,low_risk_vector_math,low_risk_candidate,8D_helper_deduplication_then_low_risk_vector_contracts,common scalar/vector helper; promote only if deduplicated against existing M00 kernels and needed by a bounded family,yes_standard_formula_vault_contract_and_source_locator_review,Common vector helper; likely duplicate of existing central M00 vector kernels.
P1_after_helper_deduplication,PORT_STATUS_RELEASE_GATE.csv:row_0537,num_vnorm,num_vnorm,source_scilab/curtis_section09_numerical_algorithms/src/num_vnorm.sci,low_risk_vector_math,low_risk_candidate,8D_helper_deduplication_then_low_risk_vector_contracts,common scalar/vector helper; promote only if deduplicated against existing M00 kernels and needed by a bounded family,yes_standard_formula_vault_contract_and_source_locator_review,Common vector helper; likely duplicate of existing central M00 vector kernels.
P1_after_helper_deduplication,PORT_STATUS_RELEASE_GATE.csv:row_0551,fb_clamp,fb_clamp,source_scilab/curtis_section03_finite_burn_scilab/src/finite_burn_lib.sci,low_risk_scalar_math,low_risk_candidate,8D_helper_deduplication_then_low_risk_scalar_contracts,common scalar/vector helper; promote only if deduplicated against existing M00 kernels and needed by a bounded family,yes_standard_formula_vault_contract_and_source_locator_review,Common scalar helper; likely duplicate utility row.
P1_after_helper_deduplication,PORT_STATUS_RELEASE_GATE.csv:row_0554,fb_col,fb_col,source_scilab/curtis_section03_finite_burn_scilab/src/finite_burn_lib.sci,low_risk_vector_math,low_risk_candidate,8D_helper_deduplication_then_low_risk_vector_contracts,common scalar/vector helper; promote only if deduplicated against existing M00 kernels and needed by a bounded family,yes_standard_formula_vault_contract_and_source_locator_review,Common vector helper; likely duplicate of existing central M00 vector kernels.
P1_after_helper_deduplication,PORT_STATUS_RELEASE_GATE.csv:row_0555,fb_cross,fb_cross,source_scilab/curtis_section03_finite_burn_scilab/src/finite_burn_lib.sci,low_risk_vector_math,low_risk_candidate,8D_helper_deduplication_then_low_risk_vector_contracts,common scalar/vector helper; promote only if deduplicated against existing M00 kernels and needed by a bounded family,yes_standard_formula_vault_contract_and_source_locator_review,Common vector helper; likely duplicate of existing central M00 vector kernels.
P1_after_helper_deduplication,PORT_STATUS_RELEASE_GATE.csv:row_0557,fb_dot,fb_dot,source_scilab/curtis_section03_finite_burn_scilab/src/finite_burn_lib.sci,low_risk_vector_math,low_risk_candidate,8D_helper_deduplication_then_low_risk_vector_contracts,common scalar/vector helper; promote only if deduplicated against existing M00 kernels and needed by a bounded family,yes_standard_formula_vault_contract_and_source_locator_review,Common vector helper; likely duplicate of existing central M00 vector kernels.
P1_after_helper_deduplication,PORT_STATUS_RELEASE_GATE.csv:row_0568,fb_norm,fb_norm,source_scilab/curtis_section03_finite_burn_scilab/src/finite_burn_lib.sci,low_risk_vector_math,low_risk_candidate,8D_helper_deduplication_then_low_risk_vector_contracts,common scalar/vector helper; promote only if deduplicated against existing M00 kernels and needed by a bounded family,yes_standard_formula_vault_contract_and_source_locator_review,Common vector helper; likely duplicate of existing central M00 vector kernels.
P1_after_helper_deduplication,PORT_STATUS_RELEASE_GATE.csv:row_0586,fb_unit,fb_unit,source_scilab/curtis_section03_finite_burn_scilab/src/finite_burn_lib.sci,low_risk_vector_math,low_risk_candidate,8D_helper_deduplication_then_low_risk_vector_contracts,common scalar/vector helper; promote only if deduplicated against existing M00 kernels and needed by a bounded family,yes_standard_formula_vault_contract_and_source_locator_review,Common vector helper; likely duplicate of existing central M00 vector kernels.
P1_after_helper_deduplication,PORT_STATUS_RELEASE_GATE.csv:row_0640,ga_acos_safe,ga_acos_safe,source_scilab/curtis_section07_gravity_assist_scilab/src/ga_util.sci,low_risk_scalar_math,low_risk_candidate,8D_helper_deduplication_then_low_risk_scalar_contracts,common scalar/vector helper; promote only if deduplicated against existing M00 kernels and needed by a bounded family,yes_standard_formula_vault_contract_and_source_locator_review,Common scalar helper; likely duplicate utility row.
P1_after_helper_deduplication,PORT_STATUS_RELEASE_GATE.csv:row_0641,ga_angle_between,ga_angle_between,source_scilab/curtis_section07_gravity_assist_scilab/src/ga_util.sci,low_risk_vector_math,low_risk_candidate,8D_helper_deduplication_then_low_risk_vector_contracts,common scalar/vector helper; promote only if deduplicated against existing M00 kernels and needed by a bounded family,yes_standard_formula_vault_contract_and_source_locator_review,Common vector helper; likely duplicate of existing central M00 vector kernels.
P1_after_helper_deduplication,PORT_STATUS_RELEASE_GATE.csv:row_0642,ga_asin_safe,ga_asin_safe,source_scilab/curtis_section07_gravity_assist_scilab/src/ga_util.sci,low_risk_scalar_math,low_risk_candidate,8D_helper_deduplication_then_low_risk_scalar_contracts,common scalar/vector helper; promote only if deduplicated against existing M00 kernels and needed by a bounded family,yes_standard_formula_vault_contract_and_source_locator_review,Common scalar helper; likely duplicate utility row.
P1_after_helper_deduplication,PORT_STATUS_RELEASE_GATE.csv:row_0644,ga_clamp,ga_clamp,source_scilab/curtis_section07_gravity_assist_scilab/src/ga_util.sci,low_risk_scalar_math,low_risk_candidate,8D_helper_deduplication_then_low_risk_scalar_contracts,common scalar/vector helper; promote only if deduplicated against existing M00 kernels and needed by a bounded family,yes_standard_formula_vault_contract_and_source_locator_review,Common scalar helper; likely duplicate utility row.
P1_after_helper_deduplication,PORT_STATUS_RELEASE_GATE.csv:row_0645,ga_col,ga_col,source_scilab/curtis_section07_gravity_assist_scilab/src/ga_util.sci,low_risk_vector_math,low_risk_candidate,8D_helper_deduplication_then_low_risk_vector_contracts,common scalar/vector helper; promote only if deduplicated against existing M00 kernels and needed by a bounded family,yes_standard_formula_vault_contract_and_source_locator_review,Common vector helper; likely duplicate of existing central M00 vector kernels.
P1_after_helper_deduplication,PORT_STATUS_RELEASE_GATE.csv:row_0646,ga_cross,ga_cross,source_scilab/curtis_section07_gravity_assist_scilab/src/ga_util.sci,low_risk_vector_math,low_risk_candidate,8D_helper_deduplication_then_low_risk_vector_contracts,common scalar/vector helper; promote only if deduplicated against existing M00 kernels and needed by a bounded family,yes_standard_formula_vault_contract_and_source_locator_review,Common vector helper; likely duplicate of existing central M00 vector kernels.
P2_after_contract_review,PORT_STATUS_RELEASE_GATE.csv:row_0647,ga_deg2rad,ga_deg2rad,source_scilab/curtis_section07_gravity_assist_scilab/src/ga_util.sci,unit_conversion,low_risk_candidate,8D_deduplicated_unit_conversion_helpers,low-risk by metadata but requires family contract before implementation,yes_standard_formula_vault_contract_and_source_locator_review,Unit/constants conversion pattern.
P1_after_helper_deduplication,PORT_STATUS_RELEASE_GATE.csv:row_0648,ga_dot,ga_dot,source_scilab/curtis_section07_gravity_assist_scilab/src/ga_util.sci,low_risk_vector_math,low_risk_candidate,8D_helper_deduplication_then_low_risk_vector_contracts,common scalar/vector helper; promote only if deduplicated against existing M00 kernels and needed by a bounded family,yes_standard_formula_vault_contract_and_source_locator_review,Common vector helper; likely duplicate of existing central M00 vector kernels.
P1_after_helper_deduplication,PORT_STATUS_RELEASE_GATE.csv:row_0650,ga_norm,ga_norm,source_scilab/curtis_section07_gravity_assist_scilab/src/ga_util.sci,low_risk_vector_math,low_risk_candidate,8D_helper_deduplication_then_low_risk_vector_contracts,common scalar/vector helper; promote only if deduplicated against existing M00 kernels and needed by a bounded family,yes_standard_formula_vault_contract_and_source_locator_review,Common vector helper; likely duplicate of existing central M00 vector kernels.
P2_after_contract_review,PORT_STATUS_RELEASE_GATE.csv:row_0651,ga_rad2deg,ga_rad2deg,source_scilab/curtis_section07_gravity_assist_scilab/src/ga_util.sci,unit_conversion,low_risk_candidate,8D_deduplicated_unit_conversion_helpers,low-risk by metadata but requires family contract before implementation,yes_standard_formula_vault_contract_and_source_locator_review,Unit/constants conversion pattern.
P1_after_helper_deduplication,PORT_STATUS_RELEASE_GATE.csv:row_0655,ga_skew,ga_skew,source_scilab/curtis_section07_gravity_assist_scilab/src/ga_util.sci,low_risk_vector_math,low_risk_candidate,8D_helper_deduplication_then_low_risk_vector_contracts,common scalar/vector helper; promote only if deduplicated against existing M00 kernels and needed by a bounded family,yes_standard_formula_vault_contract_and_source_locator_review,Common vector helper; likely duplicate of existing central M00 vector kernels.
P1_after_helper_deduplication,PORT_STATUS_RELEASE_GATE.csv:row_0656,ga_unit,ga_unit,source_scilab/curtis_section07_gravity_assist_scilab/src/ga_util.sci,low_risk_vector_math,low_risk_candidate,8D_helper_deduplication_then_low_risk_vector_contracts,common scalar/vector helper; promote only if deduplicated against existing M00 kernels and needed by a bounded family,yes_standard_formula_vault_contract_and_source_locator_review,Common vector helper; likely duplicate of existing central M00 vector kernels.
P1_after_helper_deduplication,PORT_STATUS_RELEASE_GATE.csv:row_0660,ch7_acos_clamped,foa_ch07_ast_ch7_acos_clamped,source_scilab/ch7_core/ast_ch7_core.sci,low_risk_scalar_math,low_risk_candidate,8D_helper_deduplication_then_low_risk_scalar_contracts,common scalar/vector helper; promote only if deduplicated against existing M00 kernels and needed by a bounded family,yes_standard_formula_vault_contract_and_source_locator_review,Common scalar helper; likely duplicate utility row.
P1_after_helper_deduplication,PORT_STATUS_RELEASE_GATE.csv:row_0661,ch7_asin_clamped,foa_ch07_ast_ch7_asin_clamped,source_scilab/ch7_core/ast_ch7_core.sci,low_risk_scalar_math,low_risk_candidate,8D_helper_deduplication_then_low_risk_scalar_contracts,common scalar/vector helper; promote only if deduplicated against existing M00 kernels and needed by a bounded family,yes_standard_formula_vault_contract_and_source_locator_review,Common scalar helper; likely duplicate utility row.
P1_after_helper_deduplication,PORT_STATUS_RELEASE_GATE.csv:row_0664,ch7_clamp,foa_ch07_ast_ch7_clamp,source_scilab/ch7_core/ast_ch7_core.sci,low_risk_scalar_math,low_risk_candidate,8D_helper_deduplication_then_low_risk_scalar_contracts,common scalar/vector helper; promote only if deduplicated against existing M00 kernels and needed by a bounded family,yes_standard_formula_vault_contract_and_source_locator_review,Common scalar helper; likely duplicate utility row.
P1_after_helper_deduplication,PORT_STATUS_RELEASE_GATE.csv:row_0666,ch7_cross,foa_ch07_ast_ch7_cross,source_scilab/ch7_core/ast_ch7_core.sci,low_risk_vector_math,low_risk_candidate,8D_helper_deduplication_then_low_risk_vector_contracts,common scalar/vector helper; promote only if deduplicated against existing M00 kernels and needed by a bounded family,yes_standard_formula_vault_contract_and_source_locator_review,Common vector helper; likely duplicate of existing central M00 vector kernels.
P2_after_contract_review,PORT_STATUS_RELEASE_GATE.csv:row_0667,ch7_deg2rad,foa_ch07_ast_ch7_deg2rad,source_scilab/ch7_core/ast_ch7_core.sci,unit_conversion,low_risk_candidate,8D_deduplicated_unit_conversion_helpers,low-risk by metadata but requires family contract before implementation,yes_standard_formula_vault_contract_and_source_locator_review,Unit/constants conversion pattern.
P1_after_helper_deduplication,PORT_STATUS_RELEASE_GATE.csv:row_0668,ch7_dot,foa_ch07_ast_ch7_dot,source_scilab/ch7_core/ast_ch7_core.sci,low_risk_vector_math,low_risk_candidate,8D_helper_deduplication_then_low_risk_vector_contracts,common scalar/vector helper; promote only if deduplicated against existing M00 kernels and needed by a bounded family,yes_standard_formula_vault_contract_and_source_locator_review,Common vector helper; likely duplicate of existing central M00 vector kernels.
P2_after_contract_review,PORT_STATUS_RELEASE_GATE.csv:row_0669,ch7_from_du,foa_ch07_ast_ch7_from_du,source_scilab/ch7_core/ast_ch7_core.sci,unit_conversion,low_risk_candidate,8D_deduplicated_unit_conversion_helpers,low-risk by metadata but requires family contract before implementation,yes_standard_formula_vault_contract_and_source_locator_review,Unit/constants conversion pattern.
P2_after_contract_review,PORT_STATUS_RELEASE_GATE.csv:row_0670,ch7_from_tu,foa_ch07_ast_ch7_from_tu,source_scilab/ch7_core/ast_ch7_core.sci,unit_conversion,low_risk_candidate,8D_deduplicated_unit_conversion_helpers,low-risk by metadata but requires family contract before implementation,yes_standard_formula_vault_contract_and_source_locator_review,Unit/constants conversion pattern.
P2_after_contract_review,PORT_STATUS_RELEASE_GATE.csv:row_0671,ch7_from_vu,foa_ch07_ast_ch7_from_vu,source_scilab/ch7_core/ast_ch7_core.sci,unit_conversion,low_risk_candidate,8D_deduplicated_unit_conversion_helpers,low-risk by metadata but requires family contract before implementation,yes_standard_formula_vault_contract_and_source_locator_review,Unit/constants conversion pattern.
P1_after_helper_deduplication,PORT_STATUS_RELEASE_GATE.csv:row_0672,ch7_norm,foa_ch07_ast_ch7_norm,source_scilab/ch7_core/ast_ch7_core.sci,low_risk_vector_math,low_risk_candidate,8D_helper_deduplication_then_low_risk_vector_contracts,common scalar/vector helper; promote only if deduplicated against existing M00 kernels and needed by a bounded family,yes_standard_formula_vault_contract_and_source_locator_review,Common vector helper; likely duplicate of existing central M00 vector kernels.
P2_after_contract_review,PORT_STATUS_RELEASE_GATE.csv:row_0673,ch7_rad2deg,foa_ch07_ast_ch7_rad2deg,source_scilab/ch7_core/ast_ch7_core.sci,unit_conversion,low_risk_candidate,8D_deduplicated_unit_conversion_helpers,low-risk by metadata but requires family contract before implementation,yes_standard_formula_vault_contract_and_source_locator_review,Unit/constants conversion pattern.
P1_after_helper_deduplication,PORT_STATUS_RELEASE_GATE.csv:row_0674,ch7_safe_sqrt,foa_ch07_ast_ch7_safe_sqrt,source_scilab/ch7_core/ast_ch7_core.sci,low_risk_scalar_math,low_risk_candidate,8D_helper_deduplication_then_low_risk_scalar_contracts,common scalar/vector helper; promote only if deduplicated against existing M00 kernels and needed by a bounded family,yes_standard_formula_vault_contract_and_source_locator_review,Common scalar helper; likely duplicate utility row.
P2_after_contract_review,PORT_STATUS_RELEASE_GATE.csv:row_0675,ch7_to_du,foa_ch07_ast_ch7_to_du,source_scilab/ch7_core/ast_ch7_core.sci,unit_conversion,low_risk_candidate,8D_deduplicated_unit_conversion_helpers,low-risk by metadata but requires family contract before implementation,yes_standard_formula_vault_contract_and_source_locator_review,Unit/constants conversion pattern.
P2_after_contract_review,PORT_STATUS_RELEASE_GATE.csv:row_0676,ch7_to_tu,foa_ch07_ast_ch7_to_tu,source_scilab/ch7_core/ast_ch7_core.sci,unit_conversion,low_risk_candidate,8D_deduplicated_unit_conversion_helpers,low-risk by metadata but requires family contract before implementation,yes_standard_formula_vault_contract_and_source_locator_review,Unit/constants conversion pattern.
P2_after_contract_review,PORT_STATUS_RELEASE_GATE.csv:row_0677,ch7_to_vu,foa_ch07_ast_ch7_to_vu,source_scilab/ch7_core/ast_ch7_core.sci,unit_conversion,low_risk_candidate,8D_deduplicated_unit_conversion_helpers,low-risk by metadata but requires family contract before implementation,yes_standard_formula_vault_contract_and_source_locator_review,Unit/constants conversion pattern.
P1_after_helper_deduplication,PORT_STATUS_RELEASE_GATE.csv:row_0678,ch7_unit,foa_ch07_ast_ch7_unit,source_scilab/ch7_core/ast_ch7_core.sci,low_risk_vector_math,low_risk_candidate,8D_helper_deduplication_then_low_risk_vector_contracts,common scalar/vector helper; promote only if deduplicated against existing M00 kernels and needed by a bounded family,yes_standard_formula_vault_contract_and_source_locator_review,Common vector helper; likely duplicate of existing central M00 vector kernels.
P1_after_helper_deduplication,PORT_STATUS_RELEASE_GATE.csv:row_0738,ch7_true_anomaly_from_r_rdot,foa_ch07_ast_ch7_true_anomaly_from_r_rdot,source_scilab/ch7_twobody/ast_ch7_kepler_time.sci,low_risk_vector_math,low_risk_candidate,8D_helper_deduplication_then_low_risk_vector_contracts,common scalar/vector helper; promote only if deduplicated against existing M00 kernels and needed by a bounded family,yes_standard_formula_vault_contract_and_source_locator_review,Common vector helper; likely duplicate of existing central M00 vector kernels.
P1_after_helper_deduplication,PORT_STATUS_RELEASE_GATE.csv:row_0739,ch8_clip,foa_ch08_ast8_clip,source_scilab/ch8_core/ast_ch8_core.sci,low_risk_scalar_math,low_risk_candidate,8D_helper_deduplication_then_low_risk_scalar_contracts,common scalar/vector helper; promote only if deduplicated against existing M00 kernels and needed by a bounded family,yes_standard_formula_vault_contract_and_source_locator_review,Common scalar helper; likely duplicate utility row.
P1_after_helper_deduplication,PORT_STATUS_RELEASE_GATE.csv:row_0740,ch8_acos_safe,foa_ch08_ast8_acos_safe,source_scilab/ch8_core/ast_ch8_core.sci,low_risk_scalar_math,low_risk_candidate,8D_helper_deduplication_then_low_risk_scalar_contracts,common scalar/vector helper; promote only if deduplicated against existing M00 kernels and needed by a bounded family,yes_standard_formula_vault_contract_and_source_locator_review,Common scalar helper; likely duplicate utility row.
P1_after_helper_deduplication,PORT_STATUS_RELEASE_GATE.csv:row_0741,ch8_asin_safe,foa_ch08_ast8_asin_safe,source_scilab/ch8_core/ast_ch8_core.sci,low_risk_scalar_math,low_risk_candidate,8D_helper_deduplication_then_low_risk_scalar_contracts,common scalar/vector helper; promote only if deduplicated against existing M00 kernels and needed by a bounded family,yes_standard_formula_vault_contract_and_source_locator_review,Common scalar helper; likely duplicate utility row.
P2_after_contract_review,PORT_STATUS_RELEASE_GATE.csv:row_0744,ch8_deg2rad,foa_ch08_ast8_deg2rad,source_scilab/ch8_core/ast_ch8_core.sci,unit_conversion,low_risk_candidate,8D_deduplicated_unit_conversion_helpers,low-risk by metadata but requires family contract before implementation,yes_standard_formula_vault_contract_and_source_locator_review,Unit/constants conversion pattern.
P2_after_contract_review,PORT_STATUS_RELEASE_GATE.csv:row_0745,ch8_rad2deg,foa_ch08_ast8_rad2deg,source_scilab/ch8_core/ast_ch8_core.sci,unit_conversion,low_risk_candidate,8D_deduplicated_unit_conversion_helpers,low-risk by metadata but requires family contract before implementation,yes_standard_formula_vault_contract_and_source_locator_review,Unit/constants conversion pattern.
P1_after_helper_deduplication,PORT_STATUS_RELEASE_GATE.csv:row_0746,ch8_norm,foa_ch08_ast8_norm,source_scilab/ch8_core/ast_ch8_core.sci,low_risk_vector_math,low_risk_candidate,8D_helper_deduplication_then_low_risk_vector_contracts,common scalar/vector helper; promote only if deduplicated against existing M00 kernels and needed by a bounded family,yes_standard_formula_vault_contract_and_source_locator_review,Common vector helper; likely duplicate of existing central M00 vector kernels.
P2_after_contract_review,PORT_STATUS_RELEASE_GATE.csv:row_0987,deg2rad,deg2rad,source_scilab/Orbital Mechanics for Engineering Students/curtis_complete_unique_sections_scilab_library/curtis_complete_unique_sections_scilab_library/curtis_section02_cw_scilab/src/vec_utils.sci,unit_conversion,low_risk_candidate,8D_deduplicated_unit_conversion_helpers,low-risk by metadata but requires family contract before implementation,yes_standard_formula_vault_contract_and_source_locator_review,Unit/constants conversion pattern.
P2_after_contract_review,PORT_STATUS_RELEASE_GATE.csv:row_0988,rad2deg,rad2deg,source_scilab/Orbital Mechanics for Engineering Students/curtis_complete_unique_sections_scilab_library/curtis_complete_unique_sections_scilab_library/curtis_section02_cw_scilab/src/vec_utils.sci,unit_conversion,low_risk_candidate,8D_deduplicated_unit_conversion_helpers,low-risk by metadata but requires family contract before implementation,yes_standard_formula_vault_contract_and_source_locator_review,Unit/constants conversion pattern.
P1_after_helper_deduplication,PORT_STATUS_RELEASE_GATE.csv:row_0989,v_col,v_col,source_scilab/Orbital Mechanics for Engineering Students/curtis_complete_unique_sections_scilab_library/curtis_complete_unique_sections_scilab_library/curtis_section02_cw_scilab/src/vec_utils.sci,low_risk_vector_math,low_risk_candidate,8D_helper_deduplication_then_low_risk_vector_contracts,common scalar/vector helper; promote only if deduplicated against existing M00 kernels and needed by a bounded family,yes_standard_formula_vault_contract_and_source_locator_review,Common vector helper; likely duplicate of existing central M00 vector kernels.
P1_after_helper_deduplication,PORT_STATUS_RELEASE_GATE.csv:row_0990,v_cross,v_cross,source_scilab/Orbital Mechanics for Engineering Students/curtis_complete_unique_sections_scilab_library/curtis_complete_unique_sections_scilab_library/curtis_section02_cw_scilab/src/vec_utils.sci,low_risk_vector_math,low_risk_candidate,8D_helper_deduplication_then_low_risk_vector_contracts,common scalar/vector helper; promote only if deduplicated against existing M00 kernels and needed by a bounded family,yes_standard_formula_vault_contract_and_source_locator_review,Common vector helper; likely duplicate of existing central M00 vector kernels.
P1_after_helper_deduplication,PORT_STATUS_RELEASE_GATE.csv:row_0991,v_dot,v_dot,source_scilab/Orbital Mechanics for Engineering Students/curtis_complete_unique_sections_scilab_library/curtis_complete_unique_sections_scilab_library/curtis_section02_cw_scilab/src/vec_utils.sci,low_risk_vector_math,low_risk_candidate,8D_helper_deduplication_then_low_risk_vector_contracts,common scalar/vector helper; promote only if deduplicated against existing M00 kernels and needed by a bounded family,yes_standard_formula_vault_contract_and_source_locator_review,Common vector helper; likely duplicate of existing central M00 vector kernels.
P1_after_helper_deduplication,PORT_STATUS_RELEASE_GATE.csv:row_0992,v_norm,v_norm,source_scilab/Orbital Mechanics for Engineering Students/curtis_complete_unique_sections_scilab_library/curtis_complete_unique_sections_scilab_library/curtis_section02_cw_scilab/src/vec_utils.sci,low_risk_vector_math,low_risk_candidate,8D_helper_deduplication_then_low_risk_vector_contracts,common scalar/vector helper; promote only if deduplicated against existing M00 kernels and needed by a bounded family,yes_standard_formula_vault_contract_and_source_locator_review,Common vector helper; likely duplicate of existing central M00 vector kernels.
P1_after_helper_deduplication,PORT_STATUS_RELEASE_GATE.csv:row_0993,v_skew,v_skew,source_scilab/Orbital Mechanics for Engineering Students/curtis_complete_unique_sections_scilab_library/curtis_complete_unique_sections_scilab_library/curtis_section02_cw_scilab/src/vec_utils.sci,low_risk_vector_math,low_risk_candidate,8D_helper_deduplication_then_low_risk_vector_contracts,common scalar/vector helper; promote only if deduplicated against existing M00 kernels and needed by a bounded family,yes_standard_formula_vault_contract_and_source_locator_review,Common vector helper; likely duplicate of existing central M00 vector kernels.
P1_after_helper_deduplication,PORT_STATUS_RELEASE_GATE.csv:row_0994,v_unit,v_unit,source_scilab/Orbital Mechanics for Engineering Students/curtis_complete_unique_sections_scilab_library/curtis_complete_unique_sections_scilab_library/curtis_section02_cw_scilab/src/vec_utils.sci,low_risk_vector_math,low_risk_candidate,8D_helper_deduplication_then_low_risk_vector_contracts,common scalar/vector helper; promote only if deduplicated against existing M00 kernels and needed by a bounded family,yes_standard_formula_vault_contract_and_source_locator_review,Common vector helper; likely duplicate of existing central M00 vector kernels.
P1_after_helper_deduplication,PORT_STATUS_RELEASE_GATE.csv:row_1135,rb_clamp,rb_clamp,source_scilab/Orbital Mechanics for Engineering Students/curtis_complete_unique_sections_scilab_library/curtis_complete_unique_sections_scilab_library/curtis_section04_rigid_body_attitude_scilab/src/rb_vector.sci,low_risk_scalar_math,low_risk_candidate,8D_helper_deduplication_then_low_risk_scalar_contracts,common scalar/vector helper; promote only if deduplicated against existing M00 kernels and needed by a bounded family,yes_standard_formula_vault_contract_and_source_locator_review,Common scalar helper; likely duplicate utility row.
P1_after_helper_deduplication,PORT_STATUS_RELEASE_GATE.csv:row_1136,rb_col,rb_col,source_scilab/Orbital Mechanics for Engineering Students/curtis_complete_unique_sections_scilab_library/curtis_complete_unique_sections_scilab_library/curtis_section04_rigid_body_attitude_scilab/src/rb_vector.sci,low_risk_vector_math,low_risk_candidate,8D_helper_deduplication_then_low_risk_vector_contracts,common scalar/vector helper; promote only if deduplicated against existing M00 kernels and needed by a bounded family,yes_standard_formula_vault_contract_and_source_locator_review,Common vector helper; likely duplicate of existing central M00 vector kernels.
P1_after_helper_deduplication,PORT_STATUS_RELEASE_GATE.csv:row_1137,rb_cross,rb_cross,source_scilab/Orbital Mechanics for Engineering Students/curtis_complete_unique_sections_scilab_library/curtis_complete_unique_sections_scilab_library/curtis_section04_rigid_body_attitude_scilab/src/rb_vector.sci,low_risk_vector_math,low_risk_candidate,8D_helper_deduplication_then_low_risk_vector_contracts,common scalar/vector helper; promote only if deduplicated against existing M00 kernels and needed by a bounded family,yes_standard_formula_vault_contract_and_source_locator_review,Common vector helper; likely duplicate of existing central M00 vector kernels.
P2_after_contract_review,PORT_STATUS_RELEASE_GATE.csv:row_1138,rb_deg2rad,rb_deg2rad,source_scilab/Orbital Mechanics for Engineering Students/curtis_complete_unique_sections_scilab_library/curtis_complete_unique_sections_scilab_library/curtis_section04_rigid_body_attitude_scilab/src/rb_vector.sci,unit_conversion,low_risk_candidate,8D_deduplicated_unit_conversion_helpers,low-risk by metadata but requires family contract before implementation,yes_standard_formula_vault_contract_and_source_locator_review,Unit/constants conversion pattern.
P1_after_helper_deduplication,PORT_STATUS_RELEASE_GATE.csv:row_1139,rb_dot,rb_dot,source_scilab/Orbital Mechanics for Engineering Students/curtis_complete_unique_sections_scilab_library/curtis_complete_unique_sections_scilab_library/curtis_section04_rigid_body_attitude_scilab/src/rb_vector.sci,low_risk_vector_math,low_risk_candidate,8D_helper_deduplication_then_low_risk_vector_contracts,common scalar/vector helper; promote only if deduplicated against existing M00 kernels and needed by a bounded family,yes_standard_formula_vault_contract_and_source_locator_review,Common vector helper; likely duplicate of existing central M00 vector kernels.
P1_after_helper_deduplication,PORT_STATUS_RELEASE_GATE.csv:row_1141,rb_norm,rb_norm,source_scilab/Orbital Mechanics for Engineering Students/curtis_complete_unique_sections_scilab_library/curtis_complete_unique_sections_scilab_library/curtis_section04_rigid_body_attitude_scilab/src/rb_vector.sci,low_risk_vector_math,low_risk_candidate,8D_helper_deduplication_then_low_risk_vector_contracts,common scalar/vector helper; promote only if deduplicated against existing M00 kernels and needed by a bounded family,yes_standard_formula_vault_contract_and_source_locator_review,Common vector helper; likely duplicate of existing central M00 vector kernels.
P2_after_contract_review,PORT_STATUS_RELEASE_GATE.csv:row_1142,rb_rad2deg,rb_rad2deg,source_scilab/Orbital Mechanics for Engineering Students/curtis_complete_unique_sections_scilab_library/curtis_complete_unique_sections_scilab_library/curtis_section04_rigid_body_attitude_scilab/src/rb_vector.sci,unit_conversion,low_risk_candidate,8D_deduplicated_unit_conversion_helpers,low-risk by metadata but requires family contract before implementation,yes_standard_formula_vault_contract_and_source_locator_review,Unit/constants conversion pattern.
P1_after_helper_deduplication,PORT_STATUS_RELEASE_GATE.csv:row_1144,rb_unit,rb_unit,source_scilab/Orbital Mechanics for Engineering Students/curtis_complete_unique_sections_scilab_library/curtis_complete_unique_sections_scilab_library/curtis_section04_rigid_body_attitude_scilab/src/rb_vector.sci,low_risk_vector_math,low_risk_candidate,8D_helper_deduplication_then_low_risk_vector_contracts,common scalar/vector helper; promote only if deduplicated against existing M00 kernels and needed by a bounded family,yes_standard_formula_vault_contract_and_source_locator_review,Common vector helper; likely duplicate of existing central M00 vector kernels.
P1_after_helper_deduplication,PORT_STATUS_RELEASE_GATE.csv:row_1148,ac_clip,ac_clip,source_scilab/Orbital Mechanics for Engineering Students/curtis_complete_unique_sections_scilab_library/curtis_complete_unique_sections_scilab_library/curtis_section05_attitude_control_scilab/src/ac_utils.sci,low_risk_scalar_math,low_risk_candidate,8D_helper_deduplication_then_low_risk_scalar_contracts,common scalar/vector helper; promote only if deduplicated against existing M00 kernels and needed by a bounded family,yes_standard_formula_vault_contract_and_source_locator_review,Common scalar helper; likely duplicate utility row.
P1_after_helper_deduplication,PORT_STATUS_RELEASE_GATE.csv:row_1149,ac_col,ac_col,source_scilab/Orbital Mechanics for Engineering Students/curtis_complete_unique_sections_scilab_library/curtis_complete_unique_sections_scilab_library/curtis_section05_attitude_control_scilab/src/ac_utils.sci,low_risk_vector_math,low_risk_candidate,8D_helper_deduplication_then_low_risk_vector_contracts,common scalar/vector helper; promote only if deduplicated against existing M00 kernels and needed by a bounded family,yes_standard_formula_vault_contract_and_source_locator_review,Common vector helper; likely duplicate of existing central M00 vector kernels.
P1_after_helper_deduplication,PORT_STATUS_RELEASE_GATE.csv:row_1150,ac_cross,ac_cross,source_scilab/Orbital Mechanics for Engineering Students/curtis_complete_unique_sections_scilab_library/curtis_complete_unique_sections_scilab_library/curtis_section05_attitude_control_scilab/src/ac_utils.sci,low_risk_vector_math,low_risk_candidate,8D_helper_deduplication_then_low_risk_vector_contracts,common scalar/vector helper; promote only if deduplicated against existing M00 kernels and needed by a bounded family,yes_standard_formula_vault_contract_and_source_locator_review,Common vector helper; likely duplicate of existing central M00 vector kernels.
P2_after_contract_review,PORT_STATUS_RELEASE_GATE.csv:row_1152,ac_deg2rad,ac_deg2rad,source_scilab/Orbital Mechanics for Engineering Students/curtis_complete_unique_sections_scilab_library/curtis_complete_unique_sections_scilab_library/curtis_section05_attitude_control_scilab/src/ac_utils.sci,unit_conversion,low_risk_candidate,8D_deduplicated_unit_conversion_helpers,low-risk by metadata but requires family contract before implementation,yes_standard_formula_vault_contract_and_source_locator_review,Unit/constants conversion pattern.
P1_after_helper_deduplication,PORT_STATUS_RELEASE_GATE.csv:row_1153,ac_dot,ac_dot,source_scilab/Orbital Mechanics for Engineering Students/curtis_complete_unique_sections_scilab_library/curtis_complete_unique_sections_scilab_library/curtis_section05_attitude_control_scilab/src/ac_utils.sci,low_risk_vector_math,low_risk_candidate,8D_helper_deduplication_then_low_risk_vector_contracts,common scalar/vector helper; promote only if deduplicated against existing M00 kernels and needed by a bounded family,yes_standard_formula_vault_contract_and_source_locator_review,Common vector helper; likely duplicate of existing central M00 vector kernels.
P1_after_helper_deduplication,PORT_STATUS_RELEASE_GATE.csv:row_1154,ac_norm,ac_norm,source_scilab/Orbital Mechanics for Engineering Students/curtis_complete_unique_sections_scilab_library/curtis_complete_unique_sections_scilab_library/curtis_section05_attitude_control_scilab/src/ac_utils.sci,low_risk_vector_math,low_risk_candidate,8D_helper_deduplication_then_low_risk_vector_contracts,common scalar/vector helper; promote only if deduplicated against existing M00 kernels and needed by a bounded family,yes_standard_formula_vault_contract_and_source_locator_review,Common vector helper; likely duplicate of existing central M00 vector kernels.
P2_after_contract_review,PORT_STATUS_RELEASE_GATE.csv:row_1161,ac_rad2deg,ac_rad2deg,source_scilab/Orbital Mechanics for Engineering Students/curtis_complete_unique_sections_scilab_library/curtis_complete_unique_sections_scilab_library/curtis_section05_attitude_control_scilab/src/ac_utils.sci,unit_conversion,low_risk_candidate,8D_deduplicated_unit_conversion_helpers,low-risk by metadata but requires family contract before implementation,yes_standard_formula_vault_contract_and_source_locator_review,Unit/constants conversion pattern.
P1_after_helper_deduplication,PORT_STATUS_RELEASE_GATE.csv:row_1165,ac_unit,ac_unit,source_scilab/Orbital Mechanics for Engineering Students/curtis_complete_unique_sections_scilab_library/curtis_complete_unique_sections_scilab_library/curtis_section05_attitude_control_scilab/src/ac_utils.sci,low_risk_vector_math,low_risk_candidate,8D_helper_deduplication_then_low_risk_vector_contracts,common scalar/vector helper; promote only if deduplicated against existing M00 kernels and needed by a bounded family,yes_standard_formula_vault_contract_and_source_locator_review,Common vector helper; likely duplicate of existing central M00 vector kernels.
P1_after_helper_deduplication,PORT_STATUS_RELEASE_GATE.csv:row_1298,rvd_clip,rvd_clip,source_scilab/Orbital Mechanics for Engineering Students/curtis_complete_unique_sections_scilab_library/curtis_complete_unique_sections_scilab_library/curtis_section06_rocket_vehicle_dynamics_scilab/src/rvd_util.sci,low_risk_scalar_math,low_risk_candidate,8D_helper_deduplication_then_low_risk_scalar_contracts,common scalar/vector helper; promote only if deduplicated against existing M00 kernels and needed by a bounded family,yes_standard_formula_vault_contract_and_source_locator_review,Common scalar helper; likely duplicate utility row.
P2_after_contract_review,PORT_STATUS_RELEASE_GATE.csv:row_1301,rvd_deg2rad,rvd_deg2rad,source_scilab/Orbital Mechanics for Engineering Students/curtis_complete_unique_sections_scilab_library/curtis_complete_unique_sections_scilab_library/curtis_section06_rocket_vehicle_dynamics_scilab/src/rvd_util.sci,unit_conversion,low_risk_candidate,8D_deduplicated_unit_conversion_helpers,low-risk by metadata but requires family contract before implementation,yes_standard_formula_vault_contract_and_source_locator_review,Unit/constants conversion pattern.
P2_after_contract_review,PORT_STATUS_RELEASE_GATE.csv:row_1303,rvd_rad2deg,rvd_rad2deg,source_scilab/Orbital Mechanics for Engineering Students/curtis_complete_unique_sections_scilab_library/curtis_complete_unique_sections_scilab_library/curtis_section06_rocket_vehicle_dynamics_scilab/src/rvd_util.sci,unit_conversion,low_risk_candidate,8D_deduplicated_unit_conversion_helpers,low-risk by metadata but requires family contract before implementation,yes_standard_formula_vault_contract_and_source_locator_review,Unit/constants conversion pattern.
